source_file,run_label,scenario,condition,seed,num_agents,num_rounds,round_number,agent_id,institution_choice,agent_group,strategy,contribution,stage1_payoff,stage2_payoff,payoff,cumulative_payoff,wealth,reputation,rank_numeric,rank_text,received_punishments,received_rewards,assigned_punishments_total,assigned_rewards_total,climate_damage_taken_round,climate_damage_taken_cumulative,ldf_contribution_round,ldf_payout_round,net_climate_transfer_round,vulnerability,historical_emissions,contribution_capacity,parsing_failures,rule_of_law_blocks,subsidy,trust_level_count,institutional_strategy
simulation_llama3.1_8b_Control_scnabstract_sh0_ldf0_seed1_7agents_20rounds_20260602_063323.json,simulation_llama3.1_8b_Control_scnabstract_sh0_ldf0_seed1_7agents_20rounds_20260602_063323,abstract,Control,1,7,20,1,0,SI,developing,LLM,10.0,29.2,-73.0,-43.8,656.2,656.2,5.0,7,7 out of 7,75.0,2.0,12.0,8.0,0.0,0.0,0.0,0.0,0.0,1.5,0.3,0.1,0,0,0.0,6,"Continue with SI institution, aiming to balance cooperation and individual gain."
simulation_llama3.1_8b_Control_scnabstract_sh0_ldf0_seed1_7agents_20rounds_20260602_063323.json,simulation_llama3.1_8b_Control_scnabstract_sh0_ldf0_seed1_7agents_20rounds_20260602_063323,abstract,Control,1,7,20,1,1,SI,developing,LLM,10.0,29.2,-20.0,9.2,709.2,709.2,5.0,6,6 out of 7,36.0,16.0,20.0,0.0,0.0,0.0,0.0,0.0,0.0,1.5,0.3,0.1,0,0,0.0,6,"Continue to contribute at a moderate level, as it seems to be a viable strategy in this environment."
simulation_llama3.1_8b_Control_scnabstract_sh0_ldf0_seed1_7agents_20rounds_20260602_063323.json,simulation_llama3.1_8b_Control_scnabstract_sh0_ldf0_seed1_7agents_20rounds_20260602_063323,abstract,Control,1,7,20,1,2,SFI,developing,LLM,10.0,26.0,0.0,26.0,726.0,726.0,5.0,4,4 out of 7,0.0,0.0,0.0,0.0,0.0,0.0,0.0,0.0,0.0,1.5,0.3,0.1,0,0,0.0,5,"Consider switching to a more cooperative institution, as SFI seems to be working for me."
simulation_llama3.1_8b_Control_scnabstract_sh0_ldf0_seed1_7agents_20rounds_20260602_063323.json,simulation_llama3.1_8b_Control_scnabstract_sh0_ldf0_seed1_7agents_20rounds_20260602_063323,abstract,Control,1,7,20,1,3,SI,developed,LLM,0.0,39.2,-105.0,-65.8,1234.2,1234.2,5.0,3,3 out of 7,105.0,0.0,11.0,9.0,0.0,0.0,0.0,0.0,0.0,0.3,1.5,1.0,0,0,0.0,6,"Continue with the same strategy, as it seems to be working for me and some other agents."
simulation_llama3.1_8b_Control_scnabstract_sh0_ldf0_seed1_7agents_20rounds_20260602_063323.json,simulation_llama3.1_8b_Control_scnabstract_sh0_ldf0_seed1_7agents_20rounds_20260602_063323,abstract,Control,1,7,20,1,4,SI,developed,LLM,20.0,19.2,7.0,33.2,1333.2,1333.2,5.0,1,1 out of 7,0.0,7.0,15.0,5.0,0.0,0.0,0.0,0.0,0.0,0.3,1.5,1.0,0,0,7.0,6,"Consider switching to SFI institution, as it seems more effective in this round."
simulation_llama3.1_8b_Control_scnabstract_sh0_ldf0_seed1_7agents_20rounds_20260602_063323.json,simulation_llama3.1_8b_Control_scnabstract_sh0_ldf0_seed1_7agents_20rounds_20260602_063323,abstract,Control,1,7,20,1,5,SFI,developing,LLM,10.0,26.0,0.0,26.0,726.0,726.0,5.0,5,5 out of 7,0.0,0.0,0.0,0.0,0.0,0.0,0.0,0.0,0.0,1.5,0.3,0.1,0,0,0.0,6,"Continue with SFI institution, as it seems to be working for me. Will monitor peer behavior closely."
simulation_llama3.1_8b_Control_scnabstract_sh0_ldf0_seed1_7agents_20rounds_20260602_063323.json,simulation_llama3.1_8b_Control_scnabstract_sh0_ldf0_seed1_7agents_20rounds_20260602_063323,abstract,Control,1,7,20,1,6,SI,developed,LLM,20.0,19.2,-1.0,25.2,1325.2,1325.2,5.0,2,2 out of 7,3.0,2.0,15.0,5.0,0.0,0.0,0.0,0.0,0.0,0.3,1.5,1.0,0,0,7.0,6,"Continue exploring cooperative strategies, but be cautious of potential defectors."
simulation_llama3.1_8b_Control_scnabstract_sh0_ldf0_seed1_7agents_20rounds_20260602_063323.json,simulation_llama3.1_8b_Control_scnabstract_sh0_ldf0_seed1_7agents_20rounds_20260602_063323,abstract,Control,1,7,20,2,0,SI,developing,LLM,10.0,34.0,-36.0,-2.0,654.2,654.2,5.0,7,7 out of 7,60.0,7.0,1.0,2.0,0.0,0.0,0.0,0.0,0.0,1.5,0.3,0.1,0,0,0.0,6,"Consider switching to SFI institution, as it seems more effective in Stage 2."
simulation_llama3.1_8b_Control_scnabstract_sh0_ldf0_seed1_7agents_20rounds_20260602_063323.json,simulation_llama3.1_8b_Control_scnabstract_sh0_ldf0_seed1_7agents_20rounds_20260602_063323,abstract,Control,1,7,20,2,1,SFI,developing,LLM,10.0,31.333333333333332,0.0,31.333333333333332,740.5333333333334,740.5333333333334,5.0,6,6 out of 7,0.0,0.0,0.0,0.0,0.0,0.0,0.0,0.0,0.0,1.5,0.3,0.1,0,0,0.0,6,"Continue to contribute at a moderate level, as it seems to be a viable strategy in this environment. However, I may need to adjust my contribution based on the behavior of agents 0 and 4."
simulation_llama3.1_8b_Control_scnabstract_sh0_ldf0_seed1_7agents_20rounds_20260602_063323.json,simulation_llama3.1_8b_Control_scnabstract_sh0_ldf0_seed1_7agents_20rounds_20260602_063323,abstract,Control,1,7,20,2,2,SI,developing,LLM,20.0,24.0,16.0,43.0,769.0,769.0,5.0,4,4 out of 7,0.0,16.0,10.0,10.0,0.0,0.0,0.0,0.0,0.0,1.5,0.3,0.1,0,0,3.0,5,"Continue with SFI, as it seems to be working for Agent 5 and myself."
simulation_llama3.1_8b_Control_scnabstract_sh0_ldf0_seed1_7agents_20rounds_20260602_063323.json,simulation_llama3.1_8b_Control_scnabstract_sh0_ldf0_seed1_7agents_20rounds_20260602_063323,abstract,Control,1,7,20,2,3,SI,developed,LLM,20.0,24.0,9.0,36.0,1270.2,1270.2,5.0,3,3 out of 7,0.0,9.0,10.0,10.0,0.0,0.0,0.0,0.0,0.0,0.3,1.5,1.0,0,0,3.0,6,"Consider switching to a more cooperative institutional strategy, as it seems to be working for some agents."
simulation_llama3.1_8b_Control_scnabstract_sh0_ldf0_seed1_7agents_20rounds_20260602_063323.json,simulation_llama3.1_8b_Control_scnabstract_sh0_ldf0_seed1_7agents_20rounds_20260602_063323,abstract,Control,1,7,20,2,4,SI,developed,LLM,10.0,34.0,-33.0,1.0,1334.2,1334.2,5.0,2,2 out of 7,33.0,0.0,10.0,10.0,0.0,0.0,0.0,0.0,0.0,0.3,1.5,1.0,0,0,0.0,6,"Consider sticking with SI institution, as it provided a decent payoff this round."
simulation_llama3.1_8b_Control_scnabstract_sh0_ldf0_seed1_7agents_20rounds_20260602_063323.json,simulation_llama3.1_8b_Control_scnabstract_sh0_ldf0_seed1_7agents_20rounds_20260602_063323,abstract,Control,1,7,20,2,5,SFI,developing,LLM,10.0,31.333333333333332,0.0,31.333333333333332,757.3333333333334,757.3333333333334,5.0,5,5 out of 7,0.0,0.0,0.0,0.0,0.0,0.0,0.0,0.0,0.0,1.5,0.3,0.1,0,0,0.0,6,"Continue with SFI institution, as it seems to be working for me. Will monitor peer behavior closely."
simulation_llama3.1_8b_Control_scnabstract_sh0_ldf0_seed1_7agents_20rounds_20260602_063323.json,simulation_llama3.1_8b_Control_scnabstract_sh0_ldf0_seed1_7agents_20rounds_20260602_063323,abstract,Control,1,7,20,2,6,SFI,developed,LLM,20.0,21.333333333333332,0.0,21.333333333333332,1346.5333333333333,1346.5333333333333,5.0,1,1 out of 7,0.0,0.0,0.0,0.0,0.0,0.0,0.0,0.0,0.0,0.3,1.5,1.0,0,0,0.0,6,"Re-evaluate the effectiveness of SFI and consider switching to SI, as it seems more agents are contributing when using this institution."
simulation_llama3.1_8b_Control_scnabstract_sh0_ldf0_seed1_7agents_20rounds_20260602_063323.json,simulation_llama3.1_8b_Control_scnabstract_sh0_ldf0_seed1_7agents_20rounds_20260602_063323,abstract,Control,1,7,20,3,0,SI,developing,LLM,20.0,26.666666666666668,-25.0,4.666666666666668,658.8666666666667,658.8666666666667,5.0,7,7 out of 7,30.0,5.0,3.0,17.0,0.0,0.0,0.0,0.0,0.0,1.5,0.3,0.1,0,0,3.0,6,"Consider sticking with SI institution, as it seems to be working for me and Agent 6."
simulation_llama3.1_8b_Control_scnabstract_sh0_ldf0_seed1_7agents_20rounds_20260602_063323.json,simulation_llama3.1_8b_Control_scnabstract_sh0_ldf0_seed1_7agents_20rounds_20260602_063323,abstract,Control,1,7,20,3,1,SFI,developing,LLM,10.0,30.0,0.0,30.0,770.5333333333334,770.5333333333334,5.0,6,6 out of 7,0.0,0.0,0.0,0.0,0.0,0.0,0.0,0.0,0.0,1.5,0.3,0.1,0,0,0.0,6,"Continue to contribute at a moderate level, as it seems to be a viable strategy in this environment. Agent 0's consistent free-riding behavior suggests that they may not be a reliable contributor."
simulation_llama3.1_8b_Control_scnabstract_sh0_ldf0_seed1_7agents_20rounds_20260602_063323.json,simulation_llama3.1_8b_Control_scnabstract_sh0_ldf0_seed1_7agents_20rounds_20260602_063323,abstract,Control,1,7,20,3,2,SFI,developing,LLM,10.0,30.0,0.0,30.0,799.0,799.0,5.0,4,4 out of 7,0.0,0.0,0.0,0.0,0.0,0.0,0.0,0.0,0.0,1.5,0.3,0.1,0,0,0.0,5,"Continue with SFI, as it remains effective for Agent 5 and myself. Monitor the behavior of developing group agents."
simulation_llama3.1_8b_Control_scnabstract_sh0_ldf0_seed1_7agents_20rounds_20260602_063323.json,simulation_llama3.1_8b_Control_scnabstract_sh0_ldf0_seed1_7agents_20rounds_20260602_063323,abstract,Control,1,7,20,3,3,SI,developed,LLM,10.0,36.66666666666667,-38.0,-1.3333333333333286,1268.8666666666668,1268.8666666666668,5.0,3,3 out of 7,39.0,1.0,20.0,0.0,0.0,0.0,0.0,0.0,0.0,0.3,1.5,1.0,0,0,0.0,6,"Continue with the current institutional strategy, as it seems to be working for some agents and my own contributions are being reciprocated."
simulation_llama3.1_8b_Control_scnabstract_sh0_ldf0_seed1_7agents_20rounds_20260602_063323.json,simulation_llama3.1_8b_Control_scnabstract_sh0_ldf0_seed1_7agents_20rounds_20260602_063323,abstract,Control,1,7,20,3,4,SFI,developed,LLM,10.0,30.0,0.0,30.0,1364.2,1364.2,5.0,1,1 out of 7,0.0,0.0,0.0,0.0,0.0,0.0,0.0,0.0,0.0,0.3,1.5,1.0,0,0,0.0,6,"Stick with SFI institution, as it performed well for me this round and seems to be a good choice for developing groups."
simulation_llama3.1_8b_Control_scnabstract_sh0_ldf0_seed1_7agents_20rounds_20260602_063323.json,simulation_llama3.1_8b_Control_scnabstract_sh0_ldf0_seed1_7agents_20rounds_20260602_063323,abstract,Control,1,7,20,3,5,SFI,developing,LLM,20.0,20.0,0.0,23.0,780.3333333333334,780.3333333333334,5.0,5,5 out of 7,0.0,0.0,0.0,0.0,0.0,0.0,0.0,0.0,0.0,1.5,0.3,0.1,0,0,3.0,6,"Continue with SFI institution, as it seems to be working for me. Will adjust contribution level based on peer behavior."
simulation_llama3.1_8b_Control_scnabstract_sh0_ldf0_seed1_7agents_20rounds_20260602_063323.json,simulation_llama3.1_8b_Control_scnabstract_sh0_ldf0_seed1_7agents_20rounds_20260602_063323,abstract,Control,1,7,20,3,6,SI,developed,LLM,20.0,26.666666666666668,-9.0,17.666666666666668,1364.2,1364.2,5.0,2,2 out of 7,30.0,16.0,10.0,5.0,0.0,0.0,0.0,0.0,0.0,0.3,1.5,1.0,0,0,0.0,6,"Continue using SI as it seems to be effective in promoting cooperation, especially among developed countries."
simulation_llama3.1_8b_Control_scnabstract_sh0_ldf0_seed1_7agents_20rounds_20260602_063323.json,simulation_llama3.1_8b_Control_scnabstract_sh0_ldf0_seed1_7agents_20rounds_20260602_063323,abstract,Control,1,7,20,4,0,SI,developing,LLM,10.0,30.0,-41.0,-11.0,647.8666666666667,647.8666666666667,5.0,7,7 out of 7,45.0,4.0,14.0,6.0,0.0,0.0,0.0,0.0,0.0,1.5,0.3,0.1,0,0,0.0,6,"Consider sticking with SI institution, as it seems to be working for me and Agent 6. However, I may need to adjust my contribution level based on the over-contributions of Agent 5."
simulation_llama3.1_8b_Control_scnabstract_sh0_ldf0_seed1_7agents_20rounds_20260602_063323.json,simulation_llama3.1_8b_Control_scnabstract_sh0_ldf0_seed1_7agents_20rounds_20260602_063323,abstract,Control,1,7,20,4,1,SFI,developing,LLM,10.0,31.333333333333332,0.0,31.333333333333332,801.8666666666668,801.8666666666668,5.0,6,6 out of 7,0.0,0.0,0.0,0.0,0.0,0.0,0.0,0.0,0.0,1.5,0.3,0.1,0,0,0.0,6,"Continue to contribute at a moderate level, as it seems that contributing more does not guarantee better outcomes. Agent 5's consistent high contributions and moderate payoffs suggest that they are a reliable contributor."
simulation_llama3.1_8b_Control_scnabstract_sh0_ldf0_seed1_7agents_20rounds_20260602_063323.json,simulation_llama3.1_8b_Control_scnabstract_sh0_ldf0_seed1_7agents_20rounds_20260602_063323,abstract,Control,1,7,20,4,2,SFI,developing,LLM,10.0,31.333333333333332,0.0,31.333333333333332,830.3333333333334,830.3333333333334,5.0,4,4 out of 7,0.0,0.0,0.0,0.0,0.0,0.0,0.0,0.0,0.0,1.5,0.3,0.1,0,0,0.0,5,"Continue with SFI, as it remains effective for Agent 5 and myself. Monitor the behavior of developing group agents."
simulation_llama3.1_8b_Control_scnabstract_sh0_ldf0_seed1_7agents_20rounds_20260602_063323.json,simulation_llama3.1_8b_Control_scnabstract_sh0_ldf0_seed1_7agents_20rounds_20260602_063323,abstract,Control,1,7,20,4,3,SI,developed,LLM,10.0,30.0,-69.0,-39.0,1229.8666666666668,1229.8666666666668,5.0,3,3 out of 7,72.0,3.0,13.0,7.0,0.0,0.0,0.0,0.0,0.0,0.3,1.5,1.0,0,0,0.0,6,"Consider switching to SFI institutions, as they seem to be more effective in Stage 2."
simulation_llama3.1_8b_Control_scnabstract_sh0_ldf0_seed1_7agents_20rounds_20260602_063323.json,simulation_llama3.1_8b_Control_scnabstract_sh0_ldf0_seed1_7agents_20rounds_20260602_063323,abstract,Control,1,7,20,4,4,SI,developed,LLM,10.0,30.0,-59.0,-29.0,1335.2,1335.2,5.0,2,2 out of 7,63.0,4.0,13.0,7.0,0.0,0.0,0.0,0.0,0.0,0.3,1.5,1.0,0,0,0.0,6,"Stick with SFI institution, as Agent 5's high contribution and decent payoff suggest they may be a trustworthy agent."
simulation_llama3.1_8b_Control_scnabstract_sh0_ldf0_seed1_7agents_20rounds_20260602_063323.json,simulation_llama3.1_8b_Control_scnabstract_sh0_ldf0_seed1_7agents_20rounds_20260602_063323,abstract,Control,1,7,20,4,5,SFI,developing,LLM,20.0,21.333333333333332,0.0,27.333333333333332,807.6666666666667,807.6666666666667,5.0,5,5 out of 7,0.0,0.0,0.0,0.0,0.0,0.0,0.0,0.0,0.0,1.5,0.3,0.1,0,0,6.0,6,"Continue with SFI institution, as it seems to be working for me. Will adjust contribution level based on peer behavior."
simulation_llama3.1_8b_Control_scnabstract_sh0_ldf0_seed1_7agents_20rounds_20260602_063323.json,simulation_llama3.1_8b_Control_scnabstract_sh0_ldf0_seed1_7agents_20rounds_20260602_063323,abstract,Control,1,7,20,4,6,SI,developed,LLM,20.0,20.0,9.0,35.0,1399.2,1399.2,5.0,1,1 out of 7,0.0,9.0,20.0,0.0,0.0,0.0,0.0,0.0,0.0,0.3,1.5,1.0,0,0,6.0,6,"Continue using SI, but consider adjusting contribution levels to better match peer contributions."
simulation_llama3.1_8b_Control_scnabstract_sh0_ldf0_seed1_7agents_20rounds_20260602_063323.json,simulation_llama3.1_8b_Control_scnabstract_sh0_ldf0_seed1_7agents_20rounds_20260602_063323,abstract,Control,1,7,20,5,0,SI,developing,LLM,20.0,32.0,-30.0,3.0,650.8666666666667,650.8666666666667,5.0,7,7 out of 7,30.0,0.0,0.0,20.0,0.0,0.0,0.0,0.0,0.0,1.5,0.3,0.1,0,0,1.0,6,"Considering adjusting my contribution level to account for Agent 5's over-contributions, but sticking with SI institution as it still seems effective."
simulation_llama3.1_8b_Control_scnabstract_sh0_ldf0_seed1_7agents_20rounds_20260602_063323.json,simulation_llama3.1_8b_Control_scnabstract_sh0_ldf0_seed1_7agents_20rounds_20260602_063323,abstract,Control,1,7,20,5,1,SFI,developing,LLM,10.0,30.8,0.0,30.8,832.6666666666667,832.6666666666667,5.0,5,5 out of 7,0.0,0.0,0.0,0.0,0.0,0.0,0.0,0.0,0.0,1.5,0.3,0.1,0,0,0.0,6,"Continue to contribute at a moderate level, as Agent 5's consistent high contributions and moderate payoffs suggest they are a reliable contributor."
simulation_llama3.1_8b_Control_scnabstract_sh0_ldf0_seed1_7agents_20rounds_20260602_063323.json,simulation_llama3.1_8b_Control_scnabstract_sh0_ldf0_seed1_7agents_20rounds_20260602_063323,abstract,Control,1,7,20,5,2,SFI,developing,LLM,10.0,30.8,0.0,30.8,861.1333333333333,861.1333333333333,5.0,4,4 out of 7,0.0,0.0,0.0,0.0,0.0,0.0,0.0,0.0,0.0,1.5,0.3,0.1,0,0,0.0,5,"Continue with SFI, as it remains effective for Agent 5 and myself. Monitor the behavior of developing group agents."
simulation_llama3.1_8b_Control_scnabstract_sh0_ldf0_seed1_7agents_20rounds_20260602_063323.json,simulation_llama3.1_8b_Control_scnabstract_sh0_ldf0_seed1_7agents_20rounds_20260602_063323,abstract,Control,1,7,20,5,3,SI,developed,LLM,20.0,32.0,10.0,43.0,1272.8666666666668,1272.8666666666668,5.0,3,3 out of 7,0.0,0.0,10.0,0.0,0.0,0.0,0.0,0.0,0.0,0.3,1.5,1.0,0,0,1.0,6,"Consider sticking with SI institutions, as they seem to be effective in Stage 1 and my own results are positive."
simulation_llama3.1_8b_Control_scnabstract_sh0_ldf0_seed1_7agents_20rounds_20260602_063323.json,simulation_llama3.1_8b_Control_scnabstract_sh0_ldf0_seed1_7agents_20rounds_20260602_063323,abstract,Control,1,7,20,5,4,SFI,developed,LLM,20.0,20.8,0.0,20.8,1356.0,1356.0,5.0,2,2 out of 7,0.0,0.0,0.0,0.0,0.0,0.0,0.0,0.0,0.0,0.3,1.5,1.0,0,0,0.0,6,"Stick with SFI institution, as it performed well for me this round and Agent 5's high contribution suggests they may be trustworthy."
simulation_llama3.1_8b_Control_scnabstract_sh0_ldf0_seed1_7agents_20rounds_20260602_063323.json,simulation_llama3.1_8b_Control_scnabstract_sh0_ldf0_seed1_7agents_20rounds_20260602_063323,abstract,Control,1,7,20,5,5,SFI,developing,LLM,20.0,20.8,0.0,20.8,828.4666666666667,828.4666666666667,5.0,6,6 out of 7,0.0,0.0,0.0,0.0,0.0,0.0,0.0,0.0,0.0,1.5,0.3,0.1,0,0,0.0,6,"Continue with SFI institution, but adjust contribution level downward to account for Agent 1's consistent low contributions."
simulation_llama3.1_8b_Control_scnabstract_sh0_ldf0_seed1_7agents_20rounds_20260602_063323.json,simulation_llama3.1_8b_Control_scnabstract_sh0_ldf0_seed1_7agents_20rounds_20260602_063323,abstract,Control,1,7,20,5,6,SFI,developed,LLM,5.0,35.8,0.0,35.8,1435.0,1435.0,5.0,1,1 out of 7,0.0,0.0,0.0,0.0,0.0,0.0,0.0,0.0,0.0,0.3,1.5,1.0,0,0,0.0,6,"Consider adjusting contribution levels to better match peer contributions, as SFI institutions seem to be more effective in Stage 1."
simulation_llama3.1_8b_Control_scnabstract_sh0_ldf0_seed1_7agents_20rounds_20260602_063323.json,simulation_llama3.1_8b_Control_scnabstract_sh0_ldf0_seed1_7agents_20rounds_20260602_063323,abstract,Control,1,7,20,6,0,SI,developing,LLM,20.0,18.666666666666668,-10.0,10.666666666666668,661.5333333333333,661.5333333333333,5.0,7,7 out of 7,24.0,5.0,1.0,10.0,0.0,0.0,0.0,0.0,0.0,1.5,0.3,0.1,0,0,2.0,6,Considering adjusting my contribution level to account for Agent 5's reduced contributions and sticking with SI institution as it seems effective despite some free-riding.
simulation_llama3.1_8b_Control_scnabstract_sh0_ldf0_seed1_7agents_20rounds_20260602_063323.json,simulation_llama3.1_8b_Control_scnabstract_sh0_ldf0_seed1_7agents_20rounds_20260602_063323,abstract,Control,1,7,20,6,1,SFI,developing,LLM,10.0,32.0,0.0,32.0,864.6666666666667,864.6666666666667,5.0,5,5 out of 7,0.0,0.0,0.0,0.0,0.0,0.0,0.0,0.0,0.0,1.5,0.3,0.1,0,0,0.0,6,"Continue to contribute at a moderate level, as Agent 5's consistent high contributions and moderate payoffs suggest they are a reliable contributor. However, I will adjust my contribution slightly downward due to the low Stage 2 payoff."
simulation_llama3.1_8b_Control_scnabstract_sh0_ldf0_seed1_7agents_20rounds_20260602_063323.json,simulation_llama3.1_8b_Control_scnabstract_sh0_ldf0_seed1_7agents_20rounds_20260602_063323,abstract,Control,1,7,20,6,2,SFI,developing,LLM,20.0,22.0,0.0,24.0,885.1333333333333,885.1333333333333,5.0,4,4 out of 7,0.0,0.0,0.0,0.0,0.0,0.0,0.0,0.0,0.0,1.5,0.3,0.1,0,0,2.0,5,"Continue with SFI, as it remains effective for Agent 4 and myself. Monitor the behavior of developing group agents."
simulation_llama3.1_8b_Control_scnabstract_sh0_ldf0_seed1_7agents_20rounds_20260602_063323.json,simulation_llama3.1_8b_Control_scnabstract_sh0_ldf0_seed1_7agents_20rounds_20260602_063323,abstract,Control,1,7,20,6,3,SI,developed,LLM,10.0,28.666666666666668,-16.0,12.666666666666668,1285.5333333333335,1285.5333333333335,5.0,3,3 out of 7,24.0,8.0,20.0,0.0,0.0,0.0,0.0,0.0,0.0,0.3,1.5,1.0,0,0,0.0,6,"I will continue to use SI institutions, as they have been effective for me so far and I'm seeing positive results."
simulation_llama3.1_8b_Control_scnabstract_sh0_ldf0_seed1_7agents_20rounds_20260602_063323.json,simulation_llama3.1_8b_Control_scnabstract_sh0_ldf0_seed1_7agents_20rounds_20260602_063323,abstract,Control,1,7,20,6,4,SFI,developed,LLM,20.0,22.0,0.0,22.0,1378.0,1378.0,5.0,2,2 out of 7,0.0,0.0,0.0,0.0,0.0,0.0,0.0,0.0,0.0,0.3,1.5,1.0,0,0,0.0,6,"Stick with SFI institution, as it performed well for me this round and Agent 5's high contribution suggests they may be trustworthy."
simulation_llama3.1_8b_Control_scnabstract_sh0_ldf0_seed1_7agents_20rounds_20260602_063323.json,simulation_llama3.1_8b_Control_scnabstract_sh0_ldf0_seed1_7agents_20rounds_20260602_063323,abstract,Control,1,7,20,6,5,SI,developing,LLM,5.0,33.66666666666667,-26.0,7.666666666666671,836.1333333333333,836.1333333333333,5.0,6,6 out of 7,36.0,10.0,7.0,13.0,0.0,0.0,0.0,0.0,0.0,1.5,0.3,0.1,0,0,0.0,6,"Continue with SFI institution, but adjust contribution level downward to account for Agent 1's consistent low contributions and consider increasing contribution to match Agent 4's."
simulation_llama3.1_8b_Control_scnabstract_sh0_ldf0_seed1_7agents_20rounds_20260602_063323.json,simulation_llama3.1_8b_Control_scnabstract_sh0_ldf0_seed1_7agents_20rounds_20260602_063323,abstract,Control,1,7,20,6,6,SFI,developed,LLM,5.0,37.0,0.0,37.0,1472.0,1472.0,5.0,1,1 out of 7,0.0,0.0,0.0,0.0,0.0,0.0,0.0,0.0,0.0,0.3,1.5,1.0,0,0,0.0,6,"Continue to use SFI institution as it has been effective in Stage 1, but consider adjusting contribution levels based on peer contributions."
simulation_llama3.1_8b_Control_scnabstract_sh0_ldf0_seed1_7agents_20rounds_20260602_063323.json,simulation_llama3.1_8b_Control_scnabstract_sh0_ldf0_seed1_7agents_20rounds_20260602_063323,abstract,Control,1,7,20,7,0,SI,developing,LLM,10.0,31.333333333333332,-55.0,-21.666666666666668,639.8666666666667,639.8666666666667,5.0,7,7 out of 7,60.0,5.0,3.0,17.0,0.0,0.0,0.0,0.0,0.0,1.5,0.3,0.1,0,0,2.0,6,"I will continue to contribute at the same level as Agent 1 and 2, as our institution seems effective in promoting cooperation."
simulation_llama3.1_8b_Control_scnabstract_sh0_ldf0_seed1_7agents_20rounds_20260602_063323.json,simulation_llama3.1_8b_Control_scnabstract_sh0_ldf0_seed1_7agents_20rounds_20260602_063323,abstract,Control,1,7,20,7,1,SFI,developing,LLM,10.0,24.0,0.0,24.0,888.6666666666667,888.6666666666667,5.0,5,5 out of 7,0.0,0.0,0.0,0.0,0.0,0.0,0.0,0.0,0.0,1.5,0.3,0.1,0,0,0.0,6,"Continue to contribute at a moderate level, as Agent 5's high contribution and moderate payoffs suggest they are still a reliable contributor. However, I will increase my contribution slightly due to the low Stage 2 payoff."
simulation_llama3.1_8b_Control_scnabstract_sh0_ldf0_seed1_7agents_20rounds_20260602_063323.json,simulation_llama3.1_8b_Control_scnabstract_sh0_ldf0_seed1_7agents_20rounds_20260602_063323,abstract,Control,1,7,20,7,2,SFI,developing,LLM,10.0,24.0,0.0,24.0,909.1333333333333,909.1333333333333,5.0,4,4 out of 7,0.0,0.0,0.0,0.0,0.0,0.0,0.0,0.0,0.0,1.5,0.3,0.1,0,0,0.0,5,"Continue with SFI, as it remains effective for Agent 4 and myself. Monitor the behavior of developing group agents."
simulation_llama3.1_8b_Control_scnabstract_sh0_ldf0_seed1_7agents_20rounds_20260602_063323.json,simulation_llama3.1_8b_Control_scnabstract_sh0_ldf0_seed1_7agents_20rounds_20260602_063323,abstract,Control,1,7,20,7,3,SI,developed,LLM,10.0,31.333333333333332,-27.0,4.333333333333332,1289.8666666666668,1289.8666666666668,5.0,3,3 out of 7,27.0,0.0,10.0,10.0,0.0,0.0,0.0,0.0,0.0,0.3,1.5,1.0,0,0,0.0,6,"I will continue to use SI institutions, as they have been effective for me so far and I'm seeing positive results."
simulation_llama3.1_8b_Control_scnabstract_sh0_ldf0_seed1_7agents_20rounds_20260602_063323.json,simulation_llama3.1_8b_Control_scnabstract_sh0_ldf0_seed1_7agents_20rounds_20260602_063323,abstract,Control,1,7,20,7,4,SFI,developed,LLM,10.0,24.0,0.0,24.0,1402.0,1402.0,5.0,2,2 out of 7,0.0,0.0,0.0,0.0,0.0,0.0,0.0,0.0,0.0,0.3,1.5,1.0,0,0,0.0,5,"Stick with SFI institution, as it performed well for me this round and Agent 5's high contribution suggests they may be trustworthy."
simulation_llama3.1_8b_Control_scnabstract_sh0_ldf0_seed1_7agents_20rounds_20260602_063323.json,simulation_llama3.1_8b_Control_scnabstract_sh0_ldf0_seed1_7agents_20rounds_20260602_063323,abstract,Control,1,7,20,7,5,SI,developing,LLM,20.0,21.333333333333332,26.0,49.33333333333333,885.4666666666667,885.4666666666667,5.0,6,6 out of 7,0.0,26.0,16.0,4.0,0.0,0.0,0.0,0.0,0.0,1.5,0.3,0.1,0,0,2.0,6,"Continue with SI institution, as it has yielded a high payoff this round. Consider increasing contribution to match Agent 3's."
simulation_llama3.1_8b_Control_scnabstract_sh0_ldf0_seed1_7agents_20rounds_20260602_063323.json,simulation_llama3.1_8b_Control_scnabstract_sh0_ldf0_seed1_7agents_20rounds_20260602_063323,abstract,Control,1,7,20,7,6,SFI,developed,LLM,5.0,29.0,0.0,29.0,1501.0,1501.0,5.0,1,1 out of 7,0.0,0.0,0.0,0.0,0.0,0.0,0.0,0.0,0.0,0.3,1.5,1.0,0,0,0.0,6,"Continue to use SFI institution as it has been effective in Stage 1, but consider adjusting contribution levels based on peer contributions. Agent 5's high contribution this round suggests they may be more cooperative than initially thought."
simulation_llama3.1_8b_Control_scnabstract_sh0_ldf0_seed1_7agents_20rounds_20260602_063323.json,simulation_llama3.1_8b_Control_scnabstract_sh0_ldf0_seed1_7agents_20rounds_20260602_063323,abstract,Control,1,7,20,8,0,SI,developing,LLM,20.0,21.333333333333332,-32.0,-6.666666666666668,633.2,633.2,5.0,7,7 out of 7,36.0,4.0,13.0,7.0,0.0,0.0,0.0,0.0,0.0,1.5,0.3,0.1,0,0,4.0,6,"I will continue to contribute at the same level as Agents 1 and 2, but consider adjusting my contribution based on Agent 3's continued free-riding."
simulation_llama3.1_8b_Control_scnabstract_sh0_ldf0_seed1_7agents_20rounds_20260602_063323.json,simulation_llama3.1_8b_Control_scnabstract_sh0_ldf0_seed1_7agents_20rounds_20260602_063323,abstract,Control,1,7,20,8,1,SFI,developing,LLM,10.0,28.0,0.0,28.0,916.6666666666667,916.6666666666667,5.0,5,5 out of 7,0.0,0.0,0.0,0.0,0.0,0.0,0.0,0.0,0.0,1.5,0.3,0.1,0,0,0.0,6,"I will maintain my moderate contribution level, as the low Stage 2 payoff suggests that institutions with high contributions are not necessarily reliable."
simulation_llama3.1_8b_Control_scnabstract_sh0_ldf0_seed1_7agents_20rounds_20260602_063323.json,simulation_llama3.1_8b_Control_scnabstract_sh0_ldf0_seed1_7agents_20rounds_20260602_063323,abstract,Control,1,7,20,8,2,SFI,developing,LLM,10.0,28.0,0.0,28.0,937.1333333333333,937.1333333333333,5.0,4,4 out of 7,0.0,0.0,0.0,0.0,0.0,0.0,0.0,0.0,0.0,1.5,0.3,0.1,0,0,0.0,6,"Continue with SFI, as it remains effective for Agent 4 and myself. Monitor the behavior of developing group agents."
simulation_llama3.1_8b_Control_scnabstract_sh0_ldf0_seed1_7agents_20rounds_20260602_063323.json,simulation_llama3.1_8b_Control_scnabstract_sh0_ldf0_seed1_7agents_20rounds_20260602_063323,abstract,Control,1,7,20,8,3,SI,developed,LLM,10.0,31.333333333333332,-87.0,-55.66666666666667,1234.2,1234.2,5.0,3,3 out of 7,87.0,0.0,20.0,0.0,0.0,0.0,0.0,0.0,0.0,0.3,1.5,1.0,0,0,0.0,6,"I will continue to use SI institutions, as they have been effective for me so far and I'm seeing positive results. Agent 0's high contribution in a developing group is encouraging."
simulation_llama3.1_8b_Control_scnabstract_sh0_ldf0_seed1_7agents_20rounds_20260602_063323.json,simulation_llama3.1_8b_Control_scnabstract_sh0_ldf0_seed1_7agents_20rounds_20260602_063323,abstract,Control,1,7,20,8,4,SFI,developed,LLM,20.0,18.0,0.0,22.0,1424.0,1424.0,5.0,2,2 out of 7,0.0,0.0,0.0,0.0,0.0,0.0,0.0,0.0,0.0,0.3,1.5,1.0,0,0,4.0,5,"Stick with SFI institution, as it performed well for me this round and Agent 5's high contribution suggests they may be trustworthy. I will continue to contribute at a moderate level."
simulation_llama3.1_8b_Control_scnabstract_sh0_ldf0_seed1_7agents_20rounds_20260602_063323.json,simulation_llama3.1_8b_Control_scnabstract_sh0_ldf0_seed1_7agents_20rounds_20260602_063323,abstract,Control,1,7,20,8,5,SI,developing,LLM,10.0,31.333333333333332,-17.0,14.333333333333332,899.8000000000001,899.8000000000001,5.0,6,6 out of 7,24.0,7.0,16.0,4.0,0.0,0.0,0.0,0.0,0.0,1.5,0.3,0.1,0,0,0.0,6,"Continue with SI institution, as it has yielded a moderate payoff this round. Consider increasing contribution to match Agent 0's."
simulation_llama3.1_8b_Control_scnabstract_sh0_ldf0_seed1_7agents_20rounds_20260602_063323.json,simulation_llama3.1_8b_Control_scnabstract_sh0_ldf0_seed1_7agents_20rounds_20260602_063323,abstract,Control,1,7,20,8,6,SFI,developed,LLM,5.0,33.0,0.0,33.0,1534.0,1534.0,5.0,1,1 out of 7,0.0,0.0,0.0,0.0,0.0,0.0,0.0,0.0,0.0,0.3,1.5,1.0,0,0,0.0,6,"Continue to use SFI institution as it has been effective, but consider adjusting contribution levels based on peer contributions. Agent 5's high contribution this round suggests they may be more cooperative than initially thought."
simulation_llama3.1_8b_Control_scnabstract_sh0_ldf0_seed1_7agents_20rounds_20260602_063323.json,simulation_llama3.1_8b_Control_scnabstract_sh0_ldf0_seed1_7agents_20rounds_20260602_063323,abstract,Control,1,7,20,9,0,SI,developing,LLM,10.0,36.66666666666667,-54.0,-17.33333333333333,615.8666666666667,615.8666666666667,5.0,7,7 out of 7,60.0,6.0,9.0,11.0,0.0,0.0,0.0,0.0,0.0,1.5,0.3,0.1,0,0,0.0,6,"I will continue to contribute at the same level as Agents 1 and 2, but consider adjusting my contribution based on Agent 3's continued free-riding. I may also try to encourage Agent 4's positive trend."
simulation_llama3.1_8b_Control_scnabstract_sh0_ldf0_seed1_7agents_20rounds_20260602_063323.json,simulation_llama3.1_8b_Control_scnabstract_sh0_ldf0_seed1_7agents_20rounds_20260602_063323,abstract,Control,1,7,20,9,1,SFI,developing,LLM,10.0,34.0,0.0,34.0,950.6666666666667,950.6666666666667,5.0,5,5 out of 7,0.0,0.0,0.0,0.0,0.0,0.0,0.0,0.0,0.0,1.5,0.3,0.1,0,0,0.0,6,"I will maintain my moderate contribution level, as the low Stage 2 payoff suggests that institutions with high contributions are not necessarily reliable. I'll also keep an eye on Agent 0's behavior."
simulation_llama3.1_8b_Control_scnabstract_sh0_ldf0_seed1_7agents_20rounds_20260602_063323.json,simulation_llama3.1_8b_Control_scnabstract_sh0_ldf0_seed1_7agents_20rounds_20260602_063323,abstract,Control,1,7,20,9,2,SFI,developing,LLM,10.0,34.0,0.0,34.0,971.1333333333333,971.1333333333333,5.0,4,4 out of 7,0.0,0.0,0.0,0.0,0.0,0.0,0.0,0.0,0.0,1.5,0.3,0.1,0,0,0.0,6,"Continue with SFI, as it remains effective for Agent 4 and myself. Monitor the behavior of developing group agents."
simulation_llama3.1_8b_Control_scnabstract_sh0_ldf0_seed1_7agents_20rounds_20260602_063323.json,simulation_llama3.1_8b_Control_scnabstract_sh0_ldf0_seed1_7agents_20rounds_20260602_063323,abstract,Control,1,7,20,9,3,SI,developed,LLM,20.0,26.666666666666668,-42.0,-12.333333333333332,1221.8666666666668,1221.8666666666668,5.0,3,3 out of 7,42.0,0.0,10.0,10.0,0.0,0.0,0.0,0.0,0.0,0.3,1.5,1.0,0,0,3.0,6,"I will continue to use SI institutions, as they have been effective for me so far and I'm seeing positive results. Agent 0's consistent contributions in a developing group are encouraging."
simulation_llama3.1_8b_Control_scnabstract_sh0_ldf0_seed1_7agents_20rounds_20260602_063323.json,simulation_llama3.1_8b_Control_scnabstract_sh0_ldf0_seed1_7agents_20rounds_20260602_063323,abstract,Control,1,7,20,9,4,SFI,developed,LLM,20.0,24.0,0.0,27.0,1451.0,1451.0,5.0,2,2 out of 7,0.0,0.0,0.0,0.0,0.0,0.0,0.0,0.0,0.0,0.3,1.5,1.0,0,0,3.0,5,"Stick with SFI institution, as it performed well for me this round and Agent 5's high contribution suggests they may be trustworthy. I will continue to contribute at a moderate level."
simulation_llama3.1_8b_Control_scnabstract_sh0_ldf0_seed1_7agents_20rounds_20260602_063323.json,simulation_llama3.1_8b_Control_scnabstract_sh0_ldf0_seed1_7agents_20rounds_20260602_063323,abstract,Control,1,7,20,9,5,SI,developing,LLM,20.0,26.666666666666668,20.0,46.66666666666667,946.4666666666667,946.4666666666667,5.0,6,6 out of 7,0.0,20.0,15.0,5.0,0.0,0.0,0.0,0.0,0.0,1.5,0.3,0.1,0,0,0.0,6,"Consider switching to SFI institution, as Agent 0's high contribution is not being reciprocated by other agents."
simulation_llama3.1_8b_Control_scnabstract_sh0_ldf0_seed1_7agents_20rounds_20260602_063323.json,simulation_llama3.1_8b_Control_scnabstract_sh0_ldf0_seed1_7agents_20rounds_20260602_063323,abstract,Control,1,7,20,9,6,SFI,developed,LLM,20.0,24.0,0.0,24.0,1558.0,1558.0,5.0,1,1 out of 7,0.0,0.0,0.0,0.0,0.0,0.0,0.0,0.0,0.0,0.3,1.5,1.0,0,0,0.0,6,"Continue to use SFI institution, as it has been effective in promoting cooperation. I will also consider increasing my contribution level based on the high contributions from Agent 5."
simulation_llama3.1_8b_Control_scnabstract_sh0_ldf0_seed1_7agents_20rounds_20260602_063323.json,simulation_llama3.1_8b_Control_scnabstract_sh0_ldf0_seed1_7agents_20rounds_20260602_063323,abstract,Control,1,7,20,10,0,SI,developing,LLM,20.0,16.0,-54.0,-33.0,582.8666666666667,582.8666666666667,5.0,7,7 out of 7,54.0,0.0,14.0,6.0,0.0,0.0,0.0,0.0,0.0,1.5,0.3,0.1,0,0,5.0,6,"I will continue to contribute at the same level as Agents 1 and 2, but consider adjusting my contribution based on Agent 3's continued free-riding. I may also try to encourage Agent 4's positive trend."
simulation_llama3.1_8b_Control_scnabstract_sh0_ldf0_seed1_7agents_20rounds_20260602_063323.json,simulation_llama3.1_8b_Control_scnabstract_sh0_ldf0_seed1_7agents_20rounds_20260602_063323,abstract,Control,1,7,20,10,1,SFI,developing,LLM,10.0,34.0,0.0,34.0,984.6666666666667,984.6666666666667,5.0,5,5 out of 7,0.0,0.0,0.0,0.0,0.0,0.0,0.0,0.0,0.0,1.5,0.3,0.1,0,0,0.0,6,"I will continue to contribute moderately, as it seems to be a stable approach. I'll also keep an eye on Agent 0's behavior and adjust my strategy if necessary."
simulation_llama3.1_8b_Control_scnabstract_sh0_ldf0_seed1_7agents_20rounds_20260602_063323.json,simulation_llama3.1_8b_Control_scnabstract_sh0_ldf0_seed1_7agents_20rounds_20260602_063323,abstract,Control,1,7,20,10,2,SFI,developing,LLM,20.0,24.0,0.0,29.0,1000.1333333333333,1000.1333333333333,5.0,4,4 out of 7,0.0,0.0,0.0,0.0,0.0,0.0,0.0,0.0,0.0,1.5,0.3,0.1,0,0,5.0,6,"Continue with SFI, as it remains effective for Agent 4 and myself. Monitor the behavior of developing group agents."
simulation_llama3.1_8b_Control_scnabstract_sh0_ldf0_seed1_7agents_20rounds_20260602_063323.json,simulation_llama3.1_8b_Control_scnabstract_sh0_ldf0_seed1_7agents_20rounds_20260602_063323,abstract,Control,1,7,20,10,3,SI,developed,LLM,10.0,26.0,-24.0,2.0,1223.8666666666668,1223.8666666666668,5.0,3,3 out of 7,30.0,6.0,20.0,0.0,0.0,0.0,0.0,0.0,0.0,0.3,1.5,1.0,0,0,0.0,6,"I will continue to use SI institutions, as they have been effective for me so far and I'm seeing positive results. Agent 0's consistent contributions in a developing group are encouraging."
simulation_llama3.1_8b_Control_scnabstract_sh0_ldf0_seed1_7agents_20rounds_20260602_063323.json,simulation_llama3.1_8b_Control_scnabstract_sh0_ldf0_seed1_7agents_20rounds_20260602_063323,abstract,Control,1,7,20,10,4,SFI,developed,LLM,20.0,24.0,0.0,24.0,1475.0,1475.0,5.0,2,2 out of 7,0.0,0.0,0.0,0.0,0.0,0.0,0.0,0.0,0.0,0.3,1.5,1.0,0,0,0.0,5,"Stick with SFI institution, as it performed well for me this round and Agent 5's high contribution suggests they may be trustworthy. I will continue to contribute at a moderate level."
simulation_llama3.1_8b_Control_scnabstract_sh0_ldf0_seed1_7agents_20rounds_20260602_063323.json,simulation_llama3.1_8b_Control_scnabstract_sh0_ldf0_seed1_7agents_20rounds_20260602_063323,abstract,Control,1,7,20,10,5,SI,developing,LLM,0.0,36.0,-78.0,-42.0,904.4666666666667,904.4666666666667,5.0,6,6 out of 7,78.0,0.0,20.0,0.0,0.0,0.0,0.0,0.0,0.0,1.5,0.3,0.1,0,0,0.0,6,"Consider sticking with SI institution, as it seems to be working for Agent 0 and I received a decent payoff this round."
simulation_llama3.1_8b_Control_scnabstract_sh0_ldf0_seed1_7agents_20rounds_20260602_063323.json,simulation_llama3.1_8b_Control_scnabstract_sh0_ldf0_seed1_7agents_20rounds_20260602_063323,abstract,Control,1,7,20,10,6,SFI,developed,LLM,10.0,34.0,0.0,34.0,1592.0,1592.0,5.0,1,1 out of 7,0.0,0.0,0.0,0.0,0.0,0.0,0.0,0.0,0.0,0.3,1.5,1.0,0,0,0.0,6,"Continue to use SFI institution, as it has been effective in promoting cooperation. I will also consider increasing my contribution level based on the high contributions from Agent 4."
simulation_llama3.1_8b_Control_scnabstract_sh0_ldf0_seed1_7agents_20rounds_20260602_063323.json,simulation_llama3.1_8b_Control_scnabstract_sh0_ldf0_seed1_7agents_20rounds_20260602_063323,abstract,Control,1,7,20,11,0,SI,developing,LLM,10.0,26.0,8.0,34.0,616.8666666666667,616.8666666666667,5.0,7,7 out of 7,0.0,8.0,1.0,19.0,0.0,0.0,0.0,0.0,0.0,1.5,0.3,0.1,0,0,0.0,6,"I will continue to contribute at the same level as Agents 1 and 2, but consider adjusting my contribution based on Agent 3's continued free-riding. I may also try to encourage Agent 4's positive trend."
simulation_llama3.1_8b_Control_scnabstract_sh0_ldf0_seed1_7agents_20rounds_20260602_063323.json,simulation_llama3.1_8b_Control_scnabstract_sh0_ldf0_seed1_7agents_20rounds_20260602_063323,abstract,Control,1,7,20,11,1,SFI,developing,LLM,15.0,29.0,0.0,32.0,1016.6666666666667,1016.6666666666667,5.0,5,5 out of 7,0.0,0.0,0.0,0.0,0.0,0.0,0.0,0.0,0.0,1.5,0.3,0.1,0,0,3.0,6,"I will continue to contribute moderately, as it seems to be a stable approach. I'll also keep an eye on Agent 0's behavior and adjust my strategy if necessary."
simulation_llama3.1_8b_Control_scnabstract_sh0_ldf0_seed1_7agents_20rounds_20260602_063323.json,simulation_llama3.1_8b_Control_scnabstract_sh0_ldf0_seed1_7agents_20rounds_20260602_063323,abstract,Control,1,7,20,11,2,SFI,developing,LLM,20.0,24.0,0.0,27.0,1027.1333333333332,1027.1333333333332,5.0,4,4 out of 7,0.0,0.0,0.0,0.0,0.0,0.0,0.0,0.0,0.0,1.5,0.3,0.1,0,0,3.0,6,"Continue with SFI, as it remains effective for Agent 4 and myself. Monitor the behavior of developing group agents."
simulation_llama3.1_8b_Control_scnabstract_sh0_ldf0_seed1_7agents_20rounds_20260602_063323.json,simulation_llama3.1_8b_Control_scnabstract_sh0_ldf0_seed1_7agents_20rounds_20260602_063323,abstract,Control,1,7,20,11,3,SI,developed,LLM,10.0,26.0,-42.0,-16.0,1207.8666666666668,1207.8666666666668,5.0,3,3 out of 7,42.0,0.0,19.0,1.0,0.0,0.0,0.0,0.0,0.0,0.3,1.5,1.0,0,0,0.0,6,"I will continue to use SI institutions, as they have been effective for me so far and I'm seeing positive results. Agent 0's consistent contributions in a developing group are encouraging."
simulation_llama3.1_8b_Control_scnabstract_sh0_ldf0_seed1_7agents_20rounds_20260602_063323.json,simulation_llama3.1_8b_Control_scnabstract_sh0_ldf0_seed1_7agents_20rounds_20260602_063323,abstract,Control,1,7,20,11,4,SFI,developed,LLM,10.0,34.0,0.0,34.0,1509.0,1509.0,5.0,2,2 out of 7,0.0,0.0,0.0,0.0,0.0,0.0,0.0,0.0,0.0,0.3,1.5,1.0,0,0,0.0,5,"Stick with SFI institution, as it performed well for me this round and Agent 5's high contribution suggests they may be trustworthy. I will continue to contribute at a moderate level."
simulation_llama3.1_8b_Control_scnabstract_sh0_ldf0_seed1_7agents_20rounds_20260602_063323.json,simulation_llama3.1_8b_Control_scnabstract_sh0_ldf0_seed1_7agents_20rounds_20260602_063323,abstract,Control,1,7,20,11,5,SI,developing,LLM,10.0,26.0,-38.0,-12.0,892.4666666666667,892.4666666666667,5.0,6,6 out of 7,57.0,19.0,13.0,7.0,0.0,0.0,0.0,0.0,0.0,1.5,0.3,0.1,0,0,0.0,6,"Stick with the SI institution, as it seems to be working for Agent 0 and I received a decent payoff this round."
simulation_llama3.1_8b_Control_scnabstract_sh0_ldf0_seed1_7agents_20rounds_20260602_063323.json,simulation_llama3.1_8b_Control_scnabstract_sh0_ldf0_seed1_7agents_20rounds_20260602_063323,abstract,Control,1,7,20,11,6,SFI,developed,LLM,15.0,29.0,0.0,29.0,1621.0,1621.0,5.0,1,1 out of 7,0.0,0.0,0.0,0.0,0.0,0.0,0.0,0.0,0.0,0.3,1.5,1.0,0,0,0.0,6,"Continue to use SFI institution, as it has been effective in promoting cooperation. I will maintain my current contribution level."
simulation_llama3.1_8b_Control_scnabstract_sh0_ldf0_seed1_7agents_20rounds_20260602_063323.json,simulation_llama3.1_8b_Control_scnabstract_sh0_ldf0_seed1_7agents_20rounds_20260602_063323,abstract,Control,1,7,20,12,0,SI,developing,LLM,10.0,31.333333333333332,-32.0,-0.6666666666666679,616.2,616.2,5.0,7,7 out of 7,45.0,13.0,3.0,17.0,0.0,0.0,0.0,0.0,0.0,1.5,0.3,0.1,0,0,0.0,6,"I will continue to contribute at the same level as Agents 1 and 2, but consider adjusting my contribution based on Agent 3's continued free-riding. I may also try to encourage Agent 4's positive trend."
simulation_llama3.1_8b_Control_scnabstract_sh0_ldf0_seed1_7agents_20rounds_20260602_063323.json,simulation_llama3.1_8b_Control_scnabstract_sh0_ldf0_seed1_7agents_20rounds_20260602_063323,abstract,Control,1,7,20,12,1,SFI,developing,LLM,10.0,34.0,0.0,34.0,1050.6666666666667,1050.6666666666667,5.0,5,5 out of 7,0.0,0.0,0.0,0.0,0.0,0.0,0.0,0.0,0.0,1.5,0.3,0.1,0,0,0.0,6,"I will continue to contribute moderately, as it seems to be a stable approach. I'll also keep an eye on Agent 0's behavior and adjust my strategy if necessary."
simulation_llama3.1_8b_Control_scnabstract_sh0_ldf0_seed1_7agents_20rounds_20260602_063323.json,simulation_llama3.1_8b_Control_scnabstract_sh0_ldf0_seed1_7agents_20rounds_20260602_063323,abstract,Control,1,7,20,12,2,SFI,developing,LLM,15.0,29.0,0.0,29.0,1056.1333333333332,1056.1333333333332,5.0,4,4 out of 7,0.0,0.0,0.0,0.0,0.0,0.0,0.0,0.0,0.0,1.5,0.3,0.1,0,0,0.0,6,"Continue with SFI, as it remains effective for Agent 4 and myself. Monitor the behavior of developing group agents."
simulation_llama3.1_8b_Control_scnabstract_sh0_ldf0_seed1_7agents_20rounds_20260602_063323.json,simulation_llama3.1_8b_Control_scnabstract_sh0_ldf0_seed1_7agents_20rounds_20260602_063323,abstract,Control,1,7,20,12,3,SI,developed,LLM,10.0,31.333333333333332,-14.0,17.333333333333332,1225.2,1225.2,5.0,3,3 out of 7,18.0,4.0,10.0,10.0,0.0,0.0,0.0,0.0,0.0,0.3,1.5,1.0,0,0,0.0,6,"I will continue to use SI institutions, as they have been effective for me so far and I'm seeing positive results. Agent 0's consistent contributions in a developing group are encouraging."
simulation_llama3.1_8b_Control_scnabstract_sh0_ldf0_seed1_7agents_20rounds_20260602_063323.json,simulation_llama3.1_8b_Control_scnabstract_sh0_ldf0_seed1_7agents_20rounds_20260602_063323,abstract,Control,1,7,20,12,4,SFI,developed,LLM,20.0,24.0,0.0,26.0,1535.0,1535.0,5.0,2,2 out of 7,0.0,0.0,0.0,0.0,0.0,0.0,0.0,0.0,0.0,0.3,1.5,1.0,0,0,2.0,5,"Stick with SFI institution, as it performed well for me this round and Agent 5's high contribution suggests they may be trustworthy. I will continue to contribute at a moderate level."
simulation_llama3.1_8b_Control_scnabstract_sh0_ldf0_seed1_7agents_20rounds_20260602_063323.json,simulation_llama3.1_8b_Control_scnabstract_sh0_ldf0_seed1_7agents_20rounds_20260602_063323,abstract,Control,1,7,20,12,5,SI,developing,LLM,20.0,21.333333333333332,22.0,45.33333333333333,937.8000000000001,937.8000000000001,5.0,6,6 out of 7,0.0,20.0,8.0,10.0,0.0,0.0,0.0,0.0,0.0,1.5,0.3,0.1,0,0,2.0,6,"Stick with the SI institution, as it seems to be working for me this round. I'll continue to contribute moderately and observe peer behavior."
simulation_llama3.1_8b_Control_scnabstract_sh0_ldf0_seed1_7agents_20rounds_20260602_063323.json,simulation_llama3.1_8b_Control_scnabstract_sh0_ldf0_seed1_7agents_20rounds_20260602_063323,abstract,Control,1,7,20,12,6,SFI,developed,LLM,15.0,29.0,0.0,29.0,1650.0,1650.0,5.0,1,1 out of 7,0.0,0.0,0.0,0.0,0.0,0.0,0.0,0.0,0.0,0.3,1.5,1.0,0,0,0.0,6,"I will maintain my current contribution level and institution, as it has been effective in promoting cooperation."
simulation_llama3.1_8b_Control_scnabstract_sh0_ldf0_seed1_7agents_20rounds_20260602_063323.json,simulation_llama3.1_8b_Control_scnabstract_sh0_ldf0_seed1_7agents_20rounds_20260602_063323,abstract,Control,1,7,20,13,0,SI,developing,LLM,15.0,31.666666666666668,-27.0,4.666666666666668,620.8666666666667,620.8666666666667,5.0,7,7 out of 7,45.0,9.0,1.0,10.0,0.0,0.0,0.0,0.0,0.0,1.5,0.3,0.1,0,0,0.0,6,"I will continue to contribute at the same level as Agents 1 and 2, but consider adjusting my contribution based on Agent 3's continued free-riding. I may also try to encourage Agent 4's positive trend."
simulation_llama3.1_8b_Control_scnabstract_sh0_ldf0_seed1_7agents_20rounds_20260602_063323.json,simulation_llama3.1_8b_Control_scnabstract_sh0_ldf0_seed1_7agents_20rounds_20260602_063323,abstract,Control,1,7,20,13,1,SFI,developing,LLM,15.0,35.0,0.0,35.0,1085.6666666666667,1085.6666666666667,5.0,5,5 out of 7,0.0,0.0,0.0,0.0,0.0,0.0,0.0,0.0,0.0,1.5,0.3,0.1,0,0,0.0,6,"I will continue to contribute moderately, as it seems to be a stable approach. I'll also keep an eye on Agent 0's behavior and adjust my strategy if necessary."
simulation_llama3.1_8b_Control_scnabstract_sh0_ldf0_seed1_7agents_20rounds_20260602_063323.json,simulation_llama3.1_8b_Control_scnabstract_sh0_ldf0_seed1_7agents_20rounds_20260602_063323,abstract,Control,1,7,20,13,2,SFI,developing,LLM,20.0,30.0,0.0,32.0,1088.1333333333332,1088.1333333333332,5.0,4,4 out of 7,0.0,0.0,0.0,0.0,0.0,0.0,0.0,0.0,0.0,1.5,0.3,0.1,0,0,2.0,6,"Continue with SFI, as it remains effective for Agent 4 and myself. Monitor the behavior of developing group agents."
simulation_llama3.1_8b_Control_scnabstract_sh0_ldf0_seed1_7agents_20rounds_20260602_063323.json,simulation_llama3.1_8b_Control_scnabstract_sh0_ldf0_seed1_7agents_20rounds_20260602_063323,abstract,Control,1,7,20,13,3,SI,developed,LLM,20.0,26.666666666666668,11.0,39.66666666666667,1264.8666666666668,1264.8666666666668,5.0,3,3 out of 7,0.0,11.0,15.0,5.0,0.0,0.0,0.0,0.0,0.0,0.3,1.5,1.0,0,0,2.0,6,"I will continue to use SI institutions, as they have been effective for me so far and I'm seeing positive results. Agent 0's consistent contributions in a developing group are still encouraging."
simulation_llama3.1_8b_Control_scnabstract_sh0_ldf0_seed1_7agents_20rounds_20260602_063323.json,simulation_llama3.1_8b_Control_scnabstract_sh0_ldf0_seed1_7agents_20rounds_20260602_063323,abstract,Control,1,7,20,13,4,SFI,developed,LLM,20.0,30.0,0.0,30.0,1565.0,1565.0,5.0,2,2 out of 7,0.0,0.0,0.0,0.0,0.0,0.0,0.0,0.0,0.0,0.3,1.5,1.0,0,0,0.0,5,"Stick with SFI institution, as it performed well for me this round and Agent 5's high contribution suggests they may be trustworthy. I will continue to contribute at a moderate level."
simulation_llama3.1_8b_Control_scnabstract_sh0_ldf0_seed1_7agents_20rounds_20260602_063323.json,simulation_llama3.1_8b_Control_scnabstract_sh0_ldf0_seed1_7agents_20rounds_20260602_063323,abstract,Control,1,7,20,13,5,SI,developing,LLM,15.0,31.666666666666668,-18.0,13.666666666666668,951.4666666666667,951.4666666666667,5.0,6,6 out of 7,18.0,0.0,5.0,15.0,0.0,0.0,0.0,0.0,0.0,1.5,0.3,0.1,0,0,0.0,6,"I'll continue to contribute moderately in the SI institution, as it seems to be working for me this round. I may need to adjust my contribution level based on peer behavior."
simulation_llama3.1_8b_Control_scnabstract_sh0_ldf0_seed1_7agents_20rounds_20260602_063323.json,simulation_llama3.1_8b_Control_scnabstract_sh0_ldf0_seed1_7agents_20rounds_20260602_063323,abstract,Control,1,7,20,13,6,SFI,developed,LLM,20.0,30.0,0.0,30.0,1680.0,1680.0,5.0,1,1 out of 7,0.0,0.0,0.0,0.0,0.0,0.0,0.0,0.0,0.0,0.3,1.5,1.0,0,0,0.0,6,"I will maintain my current contribution level and institution, as it has been effective in promoting cooperation."
simulation_llama3.1_8b_Control_scnabstract_sh0_ldf0_seed1_7agents_20rounds_20260602_063323.json,simulation_llama3.1_8b_Control_scnabstract_sh0_ldf0_seed1_7agents_20rounds_20260602_063323,abstract,Control,1,7,20,14,0,SI,developing,LLM,10.0,28.666666666666668,-53.0,-24.333333333333332,596.5333333333333,596.5333333333333,5.0,7,7 out of 7,60.0,7.0,13.0,7.0,0.0,0.0,0.0,0.0,0.0,1.5,0.3,0.1,0,0,0.0,6,"I will continue to contribute at the same level as Agents 1 and 2, but consider adjusting my contribution based on Agent 3's continued free-riding. I may also try to encourage Agent 4's positive trend."
simulation_llama3.1_8b_Control_scnabstract_sh0_ldf0_seed1_7agents_20rounds_20260602_063323.json,simulation_llama3.1_8b_Control_scnabstract_sh0_ldf0_seed1_7agents_20rounds_20260602_063323,abstract,Control,1,7,20,14,1,SFI,developing,LLM,15.0,31.0,0.0,31.0,1116.6666666666667,1116.6666666666667,5.0,5,5 out of 7,0.0,0.0,0.0,0.0,0.0,0.0,0.0,0.0,0.0,1.5,0.3,0.1,0,0,0.0,6,"I will continue to contribute moderately, as it seems to be a stable approach. I'll also keep an eye on Agent 0's behavior and adjust my strategy if necessary."
simulation_llama3.1_8b_Control_scnabstract_sh0_ldf0_seed1_7agents_20rounds_20260602_063323.json,simulation_llama3.1_8b_Control_scnabstract_sh0_ldf0_seed1_7agents_20rounds_20260602_063323,abstract,Control,1,7,20,14,2,SFI,developing,LLM,20.0,26.0,0.0,30.0,1118.1333333333332,1118.1333333333332,5.0,4,4 out of 7,0.0,0.0,0.0,0.0,0.0,0.0,0.0,0.0,0.0,1.5,0.3,0.1,0,0,4.0,6,"Continue with SFI, as it remains effective for Agent 4 and myself. Monitor the behavior of developing group agents."
simulation_llama3.1_8b_Control_scnabstract_sh0_ldf0_seed1_7agents_20rounds_20260602_063323.json,simulation_llama3.1_8b_Control_scnabstract_sh0_ldf0_seed1_7agents_20rounds_20260602_063323,abstract,Control,1,7,20,14,3,SI,developed,LLM,15.0,23.666666666666668,-8.0,15.666666666666668,1280.5333333333335,1280.5333333333335,5.0,3,3 out of 7,15.0,7.0,18.0,2.0,0.0,0.0,0.0,0.0,0.0,0.3,1.5,1.0,0,0,0.0,6,"I will continue to use SI institutions, as they have been effective for me so far and I'm seeing positive results. Agent 0's consistent contributions in a developing group are still encouraging."
simulation_llama3.1_8b_Control_scnabstract_sh0_ldf0_seed1_7agents_20rounds_20260602_063323.json,simulation_llama3.1_8b_Control_scnabstract_sh0_ldf0_seed1_7agents_20rounds_20260602_063323,abstract,Control,1,7,20,14,4,SFI,developed,LLM,10.0,36.0,0.0,36.0,1601.0,1601.0,5.0,2,2 out of 7,0.0,0.0,0.0,0.0,0.0,0.0,0.0,0.0,0.0,0.3,1.5,1.0,0,0,0.0,5,"Stick with SFI institution, as it performed well for me this round and Agent 5's high contribution suggests they may be trustworthy. I will continue to contribute at a moderate level."
simulation_llama3.1_8b_Control_scnabstract_sh0_ldf0_seed1_7agents_20rounds_20260602_063323.json,simulation_llama3.1_8b_Control_scnabstract_sh0_ldf0_seed1_7agents_20rounds_20260602_063323,abstract,Control,1,7,20,14,5,SI,developing,LLM,10.0,28.666666666666668,-63.0,-34.33333333333333,917.1333333333333,917.1333333333333,5.0,6,6 out of 7,63.0,0.0,15.0,5.0,0.0,0.0,0.0,0.0,0.0,1.5,0.3,0.1,0,0,0.0,6,"I'll continue to contribute moderately in the SI institution, as it seems to be working for me this round. I may need to adjust my contribution level based on peer behavior."
simulation_llama3.1_8b_Control_scnabstract_sh0_ldf0_seed1_7agents_20rounds_20260602_063323.json,simulation_llama3.1_8b_Control_scnabstract_sh0_ldf0_seed1_7agents_20rounds_20260602_063323,abstract,Control,1,7,20,14,6,SFI,developed,LLM,20.0,26.0,0.0,30.0,1710.0,1710.0,5.0,1,1 out of 7,0.0,0.0,0.0,0.0,0.0,0.0,0.0,0.0,0.0,0.3,1.5,1.0,0,0,4.0,6,"I will maintain my current contribution level and institution, as it has been effective in promoting cooperation. I'll continue to observe Agent 1's consistent contributions."
simulation_llama3.1_8b_Control_scnabstract_sh0_ldf0_seed1_7agents_20rounds_20260602_063323.json,simulation_llama3.1_8b_Control_scnabstract_sh0_ldf0_seed1_7agents_20rounds_20260602_063323,abstract,Control,1,7,20,15,0,SI,developing,LLM,15.0,26.333333333333332,-29.0,1.3333333333333321,597.8666666666667,597.8666666666667,5.0,7,7 out of 7,36.0,7.0,14.0,6.0,0.0,0.0,0.0,0.0,0.0,1.5,0.3,0.1,0,0,4.0,6,"I will continue to contribute at the same level as Agents 1 and 2, but consider adjusting my contribution based on Agent 3's continued free-riding. I may also try to encourage Agent 4's positive trend."
simulation_llama3.1_8b_Control_scnabstract_sh0_ldf0_seed1_7agents_20rounds_20260602_063323.json,simulation_llama3.1_8b_Control_scnabstract_sh0_ldf0_seed1_7agents_20rounds_20260602_063323,abstract,Control,1,7,20,15,1,SFI,developing,LLM,15.0,27.0,0.0,31.0,1147.6666666666667,1147.6666666666667,5.0,4,4 out of 7,0.0,0.0,0.0,0.0,0.0,0.0,0.0,0.0,0.0,1.5,0.3,0.1,0,0,4.0,6,"I will continue to contribute moderately, as it seems to be a stable approach. I'll also keep an eye on Agent 0's behavior and adjust my strategy if necessary."
simulation_llama3.1_8b_Control_scnabstract_sh0_ldf0_seed1_7agents_20rounds_20260602_063323.json,simulation_llama3.1_8b_Control_scnabstract_sh0_ldf0_seed1_7agents_20rounds_20260602_063323,abstract,Control,1,7,20,15,2,SFI,developing,LLM,15.0,27.0,0.0,27.0,1145.1333333333332,1145.1333333333332,5.0,5,5 out of 7,0.0,0.0,0.0,0.0,0.0,0.0,0.0,0.0,0.0,1.5,0.3,0.1,0,0,0.0,6,"Continue with SFI, as it remains effective for Agent 4 and myself. Monitor the behavior of developing group agents."
simulation_llama3.1_8b_Control_scnabstract_sh0_ldf0_seed1_7agents_20rounds_20260602_063323.json,simulation_llama3.1_8b_Control_scnabstract_sh0_ldf0_seed1_7agents_20rounds_20260602_063323,abstract,Control,1,7,20,15,3,SI,developed,LLM,15.0,26.333333333333332,-18.0,8.333333333333332,1288.8666666666668,1288.8666666666668,5.0,3,3 out of 7,24.0,6.0,20.0,0.0,0.0,0.0,0.0,0.0,0.0,0.3,1.5,1.0,0,0,0.0,6,"I will continue to use SI institutions, as they have been effective for me so far and I'm seeing positive results. Agent 0's consistent contributions in a developing group are still encouraging."
simulation_llama3.1_8b_Control_scnabstract_sh0_ldf0_seed1_7agents_20rounds_20260602_063323.json,simulation_llama3.1_8b_Control_scnabstract_sh0_ldf0_seed1_7agents_20rounds_20260602_063323,abstract,Control,1,7,20,15,4,SFI,developed,LLM,10.0,32.0,0.0,32.0,1633.0,1633.0,5.0,2,2 out of 7,0.0,0.0,0.0,0.0,0.0,0.0,0.0,0.0,0.0,0.3,1.5,1.0,0,0,0.0,5,"Stick with SFI institution, as it performed well for me this round and Agent 5's high contribution suggests they may be trustworthy. I will continue to contribute at a moderate level."
simulation_llama3.1_8b_Control_scnabstract_sh0_ldf0_seed1_7agents_20rounds_20260602_063323.json,simulation_llama3.1_8b_Control_scnabstract_sh0_ldf0_seed1_7agents_20rounds_20260602_063323,abstract,Control,1,7,20,15,5,SI,developing,LLM,10.0,31.333333333333332,-81.0,-49.66666666666667,867.4666666666667,867.4666666666667,5.0,6,6 out of 7,81.0,0.0,13.0,7.0,0.0,0.0,0.0,0.0,0.0,1.5,0.3,0.1,0,0,0.0,6,"I'll continue to contribute moderately in the SI institution, as it seems to be working for me this round. I may need to adjust my contribution level based on peer behavior."
simulation_llama3.1_8b_Control_scnabstract_sh0_ldf0_seed1_7agents_20rounds_20260602_063323.json,simulation_llama3.1_8b_Control_scnabstract_sh0_ldf0_seed1_7agents_20rounds_20260602_063323,abstract,Control,1,7,20,15,6,SFI,developed,LLM,15.0,27.0,0.0,27.0,1737.0,1737.0,5.0,1,1 out of 7,0.0,0.0,0.0,0.0,0.0,0.0,0.0,0.0,0.0,0.3,1.5,1.0,0,0,0.0,6,"I will maintain my current contribution level and institution, as it has been effective in promoting cooperation. I'll continue to observe Agent 1's consistent contributions."
simulation_llama3.1_8b_Control_scnabstract_sh0_ldf0_seed1_7agents_20rounds_20260602_063323.json,simulation_llama3.1_8b_Control_scnabstract_sh0_ldf0_seed1_7agents_20rounds_20260602_063323,abstract,Control,1,7,20,16,0,SI,developing,LLM,15.0,29.0,-42.0,-13.0,584.8666666666667,584.8666666666667,5.0,7,7 out of 7,51.0,9.0,20.0,0.0,0.0,0.0,0.0,0.0,0.0,1.5,0.3,0.1,0,0,0.0,6,"I will continue to contribute at the same level as Agents 1 and 2, but consider adjusting my contribution based on Agent 3's continued free-riding. I may also try to encourage Agent 4's positive trend."
simulation_llama3.1_8b_Control_scnabstract_sh0_ldf0_seed1_7agents_20rounds_20260602_063323.json,simulation_llama3.1_8b_Control_scnabstract_sh0_ldf0_seed1_7agents_20rounds_20260602_063323,abstract,Control,1,7,20,16,1,SFI,developing,LLM,15.0,31.666666666666668,0.0,31.666666666666668,1179.3333333333335,1179.3333333333335,5.0,4,4 out of 7,0.0,0.0,0.0,0.0,0.0,0.0,0.0,0.0,0.0,1.5,0.3,0.1,0,0,0.0,6,"I will continue to contribute moderately, as it seems to be a stable approach. I'll also keep an eye on Agent 0's behavior and adjust my strategy if necessary."
simulation_llama3.1_8b_Control_scnabstract_sh0_ldf0_seed1_7agents_20rounds_20260602_063323.json,simulation_llama3.1_8b_Control_scnabstract_sh0_ldf0_seed1_7agents_20rounds_20260602_063323,abstract,Control,1,7,20,16,2,SFI,developing,LLM,20.0,26.666666666666668,0.0,32.66666666666667,1177.8,1177.8,5.0,5,5 out of 7,0.0,0.0,0.0,0.0,0.0,0.0,0.0,0.0,0.0,1.5,0.3,0.1,0,0,6.0,6,"Continue with SFI, as it remains effective for Agent 4 and myself. Monitor the behavior of developing group agents."
simulation_llama3.1_8b_Control_scnabstract_sh0_ldf0_seed1_7agents_20rounds_20260602_063323.json,simulation_llama3.1_8b_Control_scnabstract_sh0_ldf0_seed1_7agents_20rounds_20260602_063323,abstract,Control,1,7,20,16,3,SI,developed,LLM,15.0,29.0,-31.0,-2.0,1286.8666666666668,1286.8666666666668,5.0,3,3 out of 7,33.0,2.0,7.0,13.0,0.0,0.0,0.0,0.0,0.0,0.3,1.5,1.0,0,0,0.0,6,"I will continue to use SI institutions, as they have been effective for me so far and I'm seeing positive results. Agent 0's consistent contributions in a developing group are still encouraging."
simulation_llama3.1_8b_Control_scnabstract_sh0_ldf0_seed1_7agents_20rounds_20260602_063323.json,simulation_llama3.1_8b_Control_scnabstract_sh0_ldf0_seed1_7agents_20rounds_20260602_063323,abstract,Control,1,7,20,16,4,SFI,developed,LLM,15.0,31.666666666666668,0.0,31.666666666666668,1664.6666666666667,1664.6666666666667,5.0,2,2 out of 7,0.0,0.0,0.0,0.0,0.0,0.0,0.0,0.0,0.0,0.3,1.5,1.0,0,0,0.0,5,"Stick with SFI institution, as it performed well for me this round and Agent 5's high contribution suggests they may be trustworthy. I will continue to contribute at a moderate level."
simulation_llama3.1_8b_Control_scnabstract_sh0_ldf0_seed1_7agents_20rounds_20260602_063323.json,simulation_llama3.1_8b_Control_scnabstract_sh0_ldf0_seed1_7agents_20rounds_20260602_063323,abstract,Control,1,7,20,16,5,SI,developing,LLM,10.0,34.0,-72.0,-38.0,829.4666666666667,829.4666666666667,5.0,6,6 out of 7,72.0,0.0,13.0,7.0,0.0,0.0,0.0,0.0,0.0,1.5,0.3,0.1,0,0,0.0,6,"I'll continue to contribute moderately in the SI institution, as it seems to be working for me this round. I may need to adjust my contribution level based on peer behavior."
simulation_llama3.1_8b_Control_scnabstract_sh0_ldf0_seed1_7agents_20rounds_20260602_063323.json,simulation_llama3.1_8b_Control_scnabstract_sh0_ldf0_seed1_7agents_20rounds_20260602_063323,abstract,Control,1,7,20,16,6,SI,developed,LLM,20.0,24.0,-15.0,15.0,1752.0,1752.0,5.0,1,1 out of 7,24.0,9.0,20.0,0.0,0.0,0.0,0.0,0.0,0.0,0.3,1.5,1.0,0,0,6.0,6,"I will maintain my current contribution level and institution, as it has been effective in promoting cooperation. However, I'll keep a closer eye on Agent 0's contributions."
simulation_llama3.1_8b_Control_scnabstract_sh0_ldf0_seed1_7agents_20rounds_20260602_063323.json,simulation_llama3.1_8b_Control_scnabstract_sh0_ldf0_seed1_7agents_20rounds_20260602_063323,abstract,Control,1,7,20,17,0,SI,developing,LLM,15.0,29.0,-39.0,-3.0,581.8666666666667,581.8666666666667,5.0,7,7 out of 7,39.0,0.0,15.0,5.0,0.0,0.0,0.0,0.0,0.0,1.5,0.3,0.1,0,0,7.0,6,"I will continue to contribute at the same level as Agents 1 and 2, but consider adjusting my contribution based on Agent 3's continued free-riding. I may also try to encourage Agent 4's positive trend."
simulation_llama3.1_8b_Control_scnabstract_sh0_ldf0_seed1_7agents_20rounds_20260602_063323.json,simulation_llama3.1_8b_Control_scnabstract_sh0_ldf0_seed1_7agents_20rounds_20260602_063323,abstract,Control,1,7,20,17,1,SFI,developing,LLM,15.0,26.333333333333332,0.0,33.33333333333333,1212.6666666666667,1212.6666666666667,5.0,3,3 out of 7,0.0,0.0,0.0,0.0,0.0,0.0,0.0,0.0,0.0,1.5,0.3,0.1,0,0,7.0,6,"I will continue to contribute moderately, but with a closer eye on Agent 0's behavior and adjust my strategy if necessary."
simulation_llama3.1_8b_Control_scnabstract_sh0_ldf0_seed1_7agents_20rounds_20260602_063323.json,simulation_llama3.1_8b_Control_scnabstract_sh0_ldf0_seed1_7agents_20rounds_20260602_063323,abstract,Control,1,7,20,17,2,SFI,developing,LLM,15.0,26.333333333333332,0.0,26.333333333333332,1204.1333333333332,1204.1333333333332,5.0,5,5 out of 7,0.0,0.0,0.0,0.0,0.0,0.0,0.0,0.0,0.0,1.5,0.3,0.1,0,0,0.0,6,"Continue with SFI, as it remains effective for Agent 4 and myself. Monitor the behavior of developing group agents."
simulation_llama3.1_8b_Control_scnabstract_sh0_ldf0_seed1_7agents_20rounds_20260602_063323.json,simulation_llama3.1_8b_Control_scnabstract_sh0_ldf0_seed1_7agents_20rounds_20260602_063323,abstract,Control,1,7,20,17,3,SI,developed,LLM,15.0,29.0,-105.0,-76.0,1210.8666666666668,1210.8666666666668,5.0,4,4 out of 7,105.0,0.0,20.0,0.0,0.0,0.0,0.0,0.0,0.0,0.3,1.5,1.0,0,0,0.0,6,"I will continue to use SI institutions, as they have been effective for me so far and I'm seeing positive results. Agent 0's consistent contributions in a developing group are still encouraging."
simulation_llama3.1_8b_Control_scnabstract_sh0_ldf0_seed1_7agents_20rounds_20260602_063323.json,simulation_llama3.1_8b_Control_scnabstract_sh0_ldf0_seed1_7agents_20rounds_20260602_063323,abstract,Control,1,7,20,17,4,SFI,developed,LLM,10.0,31.333333333333332,0.0,31.333333333333332,1696.0,1696.0,5.0,2,2 out of 7,0.0,0.0,0.0,0.0,0.0,0.0,0.0,0.0,0.0,0.3,1.5,1.0,0,0,0.0,5,"Stick with SFI institution, as it performed well for me this round and Agent 5's high contribution suggests they may be trustworthy. I will continue to contribute at a moderate level."
simulation_llama3.1_8b_Control_scnabstract_sh0_ldf0_seed1_7agents_20rounds_20260602_063323.json,simulation_llama3.1_8b_Control_scnabstract_sh0_ldf0_seed1_7agents_20rounds_20260602_063323,abstract,Control,1,7,20,17,5,SI,developing,LLM,15.0,29.0,-39.0,-10.0,819.4666666666667,819.4666666666667,5.0,6,6 out of 7,39.0,0.0,20.0,0.0,0.0,0.0,0.0,0.0,0.0,1.5,0.3,0.1,0,0,0.0,6,"I'll continue to contribute moderately in the SI institution, as it seems to be working for me this round. I may need to adjust my contribution level based on peer behavior."
simulation_llama3.1_8b_Control_scnabstract_sh0_ldf0_seed1_7agents_20rounds_20260602_063323.json,simulation_llama3.1_8b_Control_scnabstract_sh0_ldf0_seed1_7agents_20rounds_20260602_063323,abstract,Control,1,7,20,17,6,SI,developed,LLM,15.0,29.0,-37.0,-8.0,1744.0,1744.0,5.0,1,1 out of 7,42.0,5.0,20.0,0.0,0.0,0.0,0.0,0.0,0.0,0.3,1.5,1.0,0,0,0.0,6,"I will maintain my current contribution level and institution, as it has been effective in promoting cooperation. However, I'll keep a closer eye on Agent 1's contributions."
simulation_llama3.1_8b_Control_scnabstract_sh0_ldf0_seed1_7agents_20rounds_20260602_063323.json,simulation_llama3.1_8b_Control_scnabstract_sh0_ldf0_seed1_7agents_20rounds_20260602_063323,abstract,Control,1,7,20,18,0,SI,developing,LLM,15.0,32.2,-58.0,-25.799999999999997,556.0666666666667,556.0666666666667,5.0,7,7 out of 7,72.0,14.0,15.0,5.0,0.0,0.0,0.0,0.0,0.0,1.5,0.3,0.1,0,0,0.0,6,"I will continue to contribute at the same level as Agents 1 and 2, but consider adjusting my contribution based on Agent 3's continued free-riding. I may also try to encourage Agent 4's positive trend."
simulation_llama3.1_8b_Control_scnabstract_sh0_ldf0_seed1_7agents_20rounds_20260602_063323.json,simulation_llama3.1_8b_Control_scnabstract_sh0_ldf0_seed1_7agents_20rounds_20260602_063323,abstract,Control,1,7,20,18,1,SI,developing,LLM,15.0,32.2,-73.0,-40.8,1171.8666666666668,1171.8666666666668,5.0,5,5 out of 7,78.0,5.0,10.0,10.0,0.0,0.0,0.0,0.0,0.0,1.5,0.3,0.1,0,0,0.0,6,"I will continue to contribute moderately, but with a closer eye on Agent 0's behavior and adjust my strategy if necessary."
simulation_llama3.1_8b_Control_scnabstract_sh0_ldf0_seed1_7agents_20rounds_20260602_063323.json,simulation_llama3.1_8b_Control_scnabstract_sh0_ldf0_seed1_7agents_20rounds_20260602_063323,abstract,Control,1,7,20,18,2,SFI,developing,LLM,15.0,25.0,0.0,25.0,1229.1333333333332,1229.1333333333332,5.0,3,3 out of 7,0.0,0.0,0.0,0.0,0.0,0.0,0.0,0.0,0.0,1.5,0.3,0.1,0,0,0.0,6,"Continue with SFI, as it remains effective for Agent 4 and myself. Monitor the behavior of developing group agents."
simulation_llama3.1_8b_Control_scnabstract_sh0_ldf0_seed1_7agents_20rounds_20260602_063323.json,simulation_llama3.1_8b_Control_scnabstract_sh0_ldf0_seed1_7agents_20rounds_20260602_063323,abstract,Control,1,7,20,18,3,SI,developed,LLM,20.0,27.2,-29.0,5.199999999999999,1216.0666666666668,1216.0666666666668,5.0,4,4 out of 7,30.0,1.0,13.0,7.0,0.0,0.0,0.0,0.0,0.0,0.3,1.5,1.0,0,0,7.0,6,"I will continue to use SI institutions, as they have been effective for me so far and I'm seeing positive results. Agent 0's consistent contributions in a developing group are still encouraging."
simulation_llama3.1_8b_Control_scnabstract_sh0_ldf0_seed1_7agents_20rounds_20260602_063323.json,simulation_llama3.1_8b_Control_scnabstract_sh0_ldf0_seed1_7agents_20rounds_20260602_063323,abstract,Control,1,7,20,18,4,SFI,developed,LLM,10.0,30.0,0.0,30.0,1726.0,1726.0,5.0,2,2 out of 7,0.0,0.0,0.0,0.0,0.0,0.0,0.0,0.0,0.0,0.3,1.5,1.0,0,0,0.0,5,"Stick with SFI institution, as it performed well for me this round and Agent 5's high contribution suggests they may be trustworthy. I will continue to contribute at a moderate level."
simulation_llama3.1_8b_Control_scnabstract_sh0_ldf0_seed1_7agents_20rounds_20260602_063323.json,simulation_llama3.1_8b_Control_scnabstract_sh0_ldf0_seed1_7agents_20rounds_20260602_063323,abstract,Control,1,7,20,18,5,SI,developing,LLM,15.0,32.2,-33.0,-0.7999999999999972,818.6666666666667,818.6666666666667,5.0,6,6 out of 7,36.0,3.0,14.0,6.0,0.0,0.0,0.0,0.0,0.0,1.5,0.3,0.1,0,0,0.0,6,"I'll continue to contribute moderately in the SI institution, as it seems to be working for me this round. I may need to adjust my contribution level based on peer behavior."
simulation_llama3.1_8b_Control_scnabstract_sh0_ldf0_seed1_7agents_20rounds_20260602_063323.json,simulation_llama3.1_8b_Control_scnabstract_sh0_ldf0_seed1_7agents_20rounds_20260602_063323,abstract,Control,1,7,20,18,6,SI,developed,LLM,20.0,27.2,5.0,39.2,1783.2,1783.2,5.0,1,1 out of 7,0.0,5.0,20.0,0.0,0.0,0.0,0.0,0.0,0.0,0.3,1.5,1.0,0,0,7.0,6,"I will maintain my current contribution level and institution, as it has been effective in promoting cooperation. However, I'll keep a closer eye on Agent 1's contributions."
simulation_llama3.1_8b_Control_scnabstract_sh0_ldf0_seed1_7agents_20rounds_20260602_063323.json,simulation_llama3.1_8b_Control_scnabstract_sh0_ldf0_seed1_7agents_20rounds_20260602_063323,abstract,Control,1,7,20,19,0,SI,developing,LLM,15.0,27.4,-35.0,-0.6000000000000014,555.4666666666667,555.4666666666667,5.0,7,7 out of 7,45.0,2.0,2.0,10.0,0.0,0.0,0.0,0.0,0.0,1.5,0.3,0.1,0,0,7.0,6,"I will continue to contribute at the same level as Agents 1 and 2, but consider adjusting my contribution based on Agent 3's continued free-riding. I may also try to encourage Agent 4's positive trend."
simulation_llama3.1_8b_Control_scnabstract_sh0_ldf0_seed1_7agents_20rounds_20260602_063323.json,simulation_llama3.1_8b_Control_scnabstract_sh0_ldf0_seed1_7agents_20rounds_20260602_063323,abstract,Control,1,7,20,19,1,SI,developing,LLM,15.0,27.4,-28.0,6.399999999999999,1178.2666666666669,1178.2666666666669,5.0,5,5 out of 7,30.0,2.0,20.0,0.0,0.0,0.0,0.0,0.0,0.0,1.5,0.3,0.1,0,0,7.0,6,"I will continue to contribute moderately, but with a closer eye on Agent 0's behavior and adjust my strategy if necessary. Given the mixed results from developed groups, I may consider adjusting my contribution level."
simulation_llama3.1_8b_Control_scnabstract_sh0_ldf0_seed1_7agents_20rounds_20260602_063323.json,simulation_llama3.1_8b_Control_scnabstract_sh0_ldf0_seed1_7agents_20rounds_20260602_063323,abstract,Control,1,7,20,19,2,SFI,developing,LLM,10.0,26.0,0.0,26.0,1255.1333333333332,1255.1333333333332,5.0,3,3 out of 7,0.0,0.0,0.0,0.0,0.0,0.0,0.0,0.0,0.0,1.5,0.3,0.1,0,0,0.0,6,"Continue with SFI, as it remains effective for Agent 4 and myself. Monitor the behavior of developing group agents."
simulation_llama3.1_8b_Control_scnabstract_sh0_ldf0_seed1_7agents_20rounds_20260602_063323.json,simulation_llama3.1_8b_Control_scnabstract_sh0_ldf0_seed1_7agents_20rounds_20260602_063323,abstract,Control,1,7,20,19,3,SI,developed,LLM,15.0,27.4,-24.0,3.3999999999999986,1219.466666666667,1219.466666666667,5.0,4,4 out of 7,24.0,0.0,16.0,4.0,0.0,0.0,0.0,0.0,0.0,0.3,1.5,1.0,0,0,0.0,6,"I will continue to use SI institutions, as they have been effective for me so far and I'm seeing positive results. Agent 0's consistent contributions in a developing group are still encouraging."
simulation_llama3.1_8b_Control_scnabstract_sh0_ldf0_seed1_7agents_20rounds_20260602_063323.json,simulation_llama3.1_8b_Control_scnabstract_sh0_ldf0_seed1_7agents_20rounds_20260602_063323,abstract,Control,1,7,20,19,4,SFI,developed,LLM,10.0,26.0,0.0,26.0,1752.0,1752.0,5.0,2,2 out of 7,0.0,0.0,0.0,0.0,0.0,0.0,0.0,0.0,0.0,0.3,1.5,1.0,0,0,0.0,5,"Stick with SFI institution, as it performed well for me this round and Agent 5's high contribution suggests they may be trustworthy. I will continue to contribute at a moderate level."
simulation_llama3.1_8b_Control_scnabstract_sh0_ldf0_seed1_7agents_20rounds_20260602_063323.json,simulation_llama3.1_8b_Control_scnabstract_sh0_ldf0_seed1_7agents_20rounds_20260602_063323,abstract,Control,1,7,20,19,5,SI,developing,LLM,10.0,32.4,-117.0,-84.6,734.0666666666667,734.0666666666667,5.0,6,6 out of 7,117.0,0.0,20.0,0.0,0.0,0.0,0.0,0.0,0.0,1.5,0.3,0.1,0,0,0.0,6,"I'll continue to contribute moderately in the SI institution, as it seems to be working for me this round. I may need to adjust my contribution level based on peer behavior."
simulation_llama3.1_8b_Control_scnabstract_sh0_ldf0_seed1_7agents_20rounds_20260602_063323.json,simulation_llama3.1_8b_Control_scnabstract_sh0_ldf0_seed1_7agents_20rounds_20260602_063323,abstract,Control,1,7,20,19,6,SI,developed,LLM,15.0,27.4,-18.0,9.399999999999999,1792.6000000000001,1792.6000000000001,5.0,1,1 out of 7,18.0,0.0,20.0,0.0,0.0,0.0,0.0,0.0,0.0,0.3,1.5,1.0,0,0,0.0,6,"I will maintain my current contribution level and institution, as it has been effective in promoting cooperation. However, I'll keep a closer eye on Agent 1's contributions."
simulation_llama3.1_8b_Control_scnabstract_sh0_ldf0_seed1_7agents_20rounds_20260602_063323.json,simulation_llama3.1_8b_Control_scnabstract_sh0_ldf0_seed1_7agents_20rounds_20260602_063323,abstract,Control,1,7,20,20,0,SI,developing,LLM,15.0,32.2,-54.0,-21.799999999999997,533.6666666666667,533.6666666666667,5.0,7,7 out of 7,72.0,17.0,13.0,6.0,0.0,0.0,0.0,0.0,0.0,1.5,0.3,0.1,0,0,0.0,6,"I will continue to contribute at the same level as Agents 1 and 2, but consider adjusting my contribution based on Agent 3's continued free-riding. I may also try to encourage Agent 4's positive trend."
simulation_llama3.1_8b_Control_scnabstract_sh0_ldf0_seed1_7agents_20rounds_20260602_063323.json,simulation_llama3.1_8b_Control_scnabstract_sh0_ldf0_seed1_7agents_20rounds_20260602_063323,abstract,Control,1,7,20,20,1,SI,developing,LLM,15.0,32.2,-70.0,-37.8,1140.466666666667,1140.466666666667,5.0,5,5 out of 7,72.0,2.0,10.0,10.0,0.0,0.0,0.0,0.0,0.0,1.5,0.3,0.1,0,0,0.0,6,"I will continue to contribute moderately, but with a closer eye on Agent 0's behavior and adjust my strategy if necessary. Given the mixed results from developed groups, I may consider adjusting my contribution level."
simulation_llama3.1_8b_Control_scnabstract_sh0_ldf0_seed1_7agents_20rounds_20260602_063323.json,simulation_llama3.1_8b_Control_scnabstract_sh0_ldf0_seed1_7agents_20rounds_20260602_063323,abstract,Control,1,7,20,20,2,SFI,developing,LLM,10.0,30.0,0.0,30.0,1285.1333333333332,1285.1333333333332,5.0,3,3 out of 7,0.0,0.0,0.0,0.0,0.0,0.0,0.0,0.0,0.0,1.5,0.3,0.1,0,0,0.0,6,"Continue with SFI, as it remains effective for Agent 4 and myself. Monitor the behavior of developing group agents."
simulation_llama3.1_8b_Control_scnabstract_sh0_ldf0_seed1_7agents_20rounds_20260602_063323.json,simulation_llama3.1_8b_Control_scnabstract_sh0_ldf0_seed1_7agents_20rounds_20260602_063323,abstract,Control,1,7,20,20,3,SI,developed,LLM,20.0,27.2,2.0,35.2,1254.666666666667,1254.666666666667,5.0,4,4 out of 7,0.0,2.0,9.0,11.0,0.0,0.0,0.0,0.0,0.0,0.3,1.5,1.0,0,0,6.0,6,"I will continue to use SI institutions, as they have been effective for me so far and I'm seeing positive results. Agent 0's consistent contributions in a developing group are still encouraging."
simulation_llama3.1_8b_Control_scnabstract_sh0_ldf0_seed1_7agents_20rounds_20260602_063323.json,simulation_llama3.1_8b_Control_scnabstract_sh0_ldf0_seed1_7agents_20rounds_20260602_063323,abstract,Control,1,7,20,20,4,SFI,developed,LLM,15.0,25.0,0.0,25.0,1777.0,1777.0,5.0,2,2 out of 7,0.0,0.0,0.0,0.0,0.0,0.0,0.0,0.0,0.0,0.3,1.5,1.0,0,0,0.0,5,"Stick with SFI institution, as it performed well for me this round and Agent 5's high contribution suggests they may be trustworthy. I will continue to contribute at a moderate level."
simulation_llama3.1_8b_Control_scnabstract_sh0_ldf0_seed1_7agents_20rounds_20260602_063323.json,simulation_llama3.1_8b_Control_scnabstract_sh0_ldf0_seed1_7agents_20rounds_20260602_063323,abstract,Control,1,7,20,20,5,SI,developing,LLM,15.0,32.2,-54.0,-21.799999999999997,712.2666666666668,712.2666666666668,5.0,6,6 out of 7,60.0,6.0,16.0,4.0,0.0,0.0,0.0,0.0,0.0,1.5,0.3,0.1,0,0,0.0,6,"I'll continue to contribute moderately in the SI institution, as it seems to be working for me this round."
simulation_llama3.1_8b_Control_scnabstract_sh0_ldf0_seed1_7agents_20rounds_20260602_063323.json,simulation_llama3.1_8b_Control_scnabstract_sh0_ldf0_seed1_7agents_20rounds_20260602_063323,abstract,Control,1,7,20,20,6,SI,developed,LLM,20.0,27.2,4.0,37.2,1829.8000000000002,1829.8000000000002,5.0,1,1 out of 7,0.0,4.0,20.0,0.0,0.0,0.0,0.0,0.0,0.0,0.3,1.5,1.0,0,0,6.0,6,"I will maintain my current contribution level and institution, as it has been effective in promoting cooperation. However, I'll keep a closer eye on Agent 1's contributions."
